start,stop
2020-03-13 20:45:35.392236032,2020-03-13 20:47:00.029591808
2020-03-13 20:55:25.095871232,2020-03-13 20:56:49.733227008
2020-03-13 21:00:44.302760192,2020-03-13 21:01:58.576256000
2020-03-13 21:06:31.492070912,2020-03-13 21:07:06.647404544
2020-06-11 18:09:45.287735552,2020-06-11 18:11:38.627655936
2020-06-11 18:13:14.030711552,2020-06-11 18:15:05.479712512
2020-06-11 18:17:23.399668224,2020-06-11 18:19:07.857016320
2020-06-23 18:03:38.315522560,2020-06-23 18:04:47.437496320
2020-06-23 18:07:09.850889472,2020-06-23 18:08:18.972863488
2020-06-23 18:10:48.070459648,2020-06-23 18:11:57.192433664
2020-06-23 18:17:07.497280000,2020-06-23 18:17:45.950557440
2020-06-23 18:19:41.233950208,2020-06-23 18:20:19.687227648
2020-06-23 18:22:15.122842112,2020-06-23 18:22:53.576119552
2020-07-01 17:53:20.967049472,2020-07-01 17:54:23.048440320
2020-07-01 17:58:08.015123456,2020-07-01 17:59:12.627802112
2020-07-01 18:00:28.905457920,2020-07-01 18:01:21.067949312
2020-07-01 17:47:45.824500736,2020-07-01 17:48:48.918406912
2020-07-01 17:50:31.877002240,2020-07-01 17:51:33.958393088
2020-07-01 17:53:20.967049472,2020-07-01 17:54:23.048440320
